video,x,y,width,height
dataset/Backhand/108cfa87_IMG_6554_Backhand_f1612-1625.mp4,0,40.33333333333333,23.609375000000004,43.666666666666664
dataset/Backhand/a0136e6b_Di_Nenno_Augsburger_vs_Garcia_Barahona_M_Backhand_f1013-1023.mp4,40.203125,20.166666666666664,9.656250000000005,15.999999999999998
dataset/Backhand/a0136e6b_Di_Nenno_Augsburger_vs_Garcia_Barahona_M_Backhand_f168-184.mp4,39.546875,18.166666666666664,11.531249999999998,19.499999999999996
dataset/Backhand/a0136e6b_Di_Nenno_Augsburger_vs_Garcia_Barahona_M_Backhand_f205-218.mp4,58.10937500000001,21.666666666666668,8.156249999999995,16.666666666666664
dataset/Backhand/a0136e6b_Di_Nenno_Augsburger_vs_Garcia_Barahona_M_Backhand_f246-257.mp4,44.70312500000001,20.166666666666664,8.249999999999998,15.333333333333332
dataset/Backhand/a0136e6b_Di_Nenno_Augsburger_vs_Garcia_Barahona_M_Backhand_f3248-3258.mp4,56.89062499999999,21,8.625000000000007,15.666666666666668
dataset/Backhand/a0136e6b_Di_Nenno_Augsburger_vs_Garcia_Barahona_M_Backhand_f3552-3560.mp4,54.453125,19.5,9.375,18
dataset/Backhand/a0136e6b_Di_Nenno_Augsburger_vs_Garcia_Barahona_M_Backhand_f3670-3679.mp4,57.265625,19.5,11.531250000000005,17.833333333333332
dataset/Backhand/a0136e6b_Di_Nenno_Augsburger_vs_Garcia_Barahona_M_Backhand_f4835-4846.mp4,57.828125,21.5,9.375,15
dataset/Backhand/a0136e6b_Di_Nenno_Augsburger_vs_Garcia_Barahona_M_Backhand_f5671-5684.mp4,48.359375,57.666666666666664,16.968749999999996,26.833333333333332
dataset/Backhand/a0136e6b_Di_Nenno_Augsburger_vs_Garcia_Barahona_M_Backhand_f7097-7111.mp4,13.765625000000004,54.333333333333336,16.875,25.999999999999996
dataset/Backhand/a0136e6b_Di_Nenno_Augsburger_vs_Garcia_Barahona_M_Backhand_f7284-7297.mp4,21.734375000000004,48.66666666666667,13.874999999999998,23.499999999999996
dataset/Backhand/a0136e6b_Di_Nenno_Augsburger_vs_Garcia_Barahona_M_Backhand_f7387-7396.mp4,60.35937500000001,20.666666666666668,9.375,15
dataset/Backhand/a0136e6b_Di_Nenno_Augsburger_vs_Garcia_Barahona_M_Backhand_f800-812.mp4,50.70312500000001,37.166666666666664,10.687500000000002,23.499999999999996
dataset/Backhand/a0136e6b_Di_Nenno_Augsburger_vs_Garcia_Barahona_M_Backhand_f9541-9552.mp4,41.140625,21,7.687500000000001,13.833333333333334
dataset/Backhand/a0136e6b_Di_Nenno_Augsburger_vs_Garcia_Barahona_M_Backhand_f9930-9938.mp4,60.828125,21.333333333333332,8.90625,15
dataset/Backhand/d4e34e3e_IMG_6557_Backhand_f1505-1521.mp4,31.015625000000004,53.49999999999999,15.562500000000004,27.333333333333336
dataset/Backhand/d4e34e3e_IMG_6557_Backhand_f1694-1707.mp4,22.765625,49.166666666666664,22.96875,36.99999999999999
dataset/Backhand/d4e34e3e_IMG_6557_Backhand_f2613-2624.mp4,81.078125,49.83333333333333,15.937500000000012,34
dataset/Backhand/d4e34e3e_IMG_6557_Backhand_f696-709.mp4,83.421875,50.166666666666664,14.62500000000001,32.99999999999999
dataset/Backhand/e8997432_FINAL_Premier_Padel_MILANO_P1_Coello_Tap_Backhand_f10617-10631.mp4,61.4375,22.333333333333332,8.250000000000005,11.666666666666666
dataset/Backhand/e8997432_FINAL_Premier_Padel_MILANO_P1_Coello_Tap_Backhand_f15282-15300.mp4,27.218750000000004,63.66666666666667,14.906250000000002,21.999999999999993
dataset/Backhand/e8997432_FINAL_Premier_Padel_MILANO_P1_Coello_Tap_Backhand_f15333-15344.mp4,21.875000000000004,52.666666666666664,15.09375,30.833333333333336
dataset/Backhand/e8997432_FINAL_Premier_Padel_MILANO_P1_Coello_Tap_Backhand_f1592-1605.mp4,35.46875,20.666666666666668,9.750000000000002,16.999999999999996
dataset/Backhand/e8997432_FINAL_Premier_Padel_MILANO_P1_Coello_Tap_Backhand_f1743-1758.mp4,61.62500000000001,18.5,8.624999999999995,15.666666666666668
dataset/Backhand/e8997432_FINAL_Premier_Padel_MILANO_P1_Coello_Tap_Backhand_f1825-1837.mp4,60.40624999999999,20.166666666666664,9.562500000000007,16.333333333333332
dataset/Backhand/e8997432_FINAL_Premier_Padel_MILANO_P1_Coello_Tap_Backhand_f1932-1945.mp4,30.6875,19.833333333333332,10.874999999999996,14.500000000000002
dataset/Backhand/e8997432_FINAL_Premier_Padel_MILANO_P1_Coello_Tap_Backhand_f199-211.mp4,31.062500000000004,19.5,11.062499999999998,15.166666666666664
dataset/Backhand/e8997432_FINAL_Premier_Padel_MILANO_P1_Coello_Tap_Backhand_f20385-20400.mp4,42.59375,19.666666666666664,10.499999999999995,15
dataset/Backhand/e8997432_FINAL_Premier_Padel_MILANO_P1_Coello_Tap_Backhand_f25723-25734.mp4,60.03124999999999,18.333333333333332,10.031250000000007,16.166666666666664
dataset/Backhand/e8997432_FINAL_Premier_Padel_MILANO_P1_Coello_Tap_Backhand_f2728-2741.mp4,43.53125000000001,20.666666666666668,9.749999999999996,13.5
dataset/Backhand/e8997432_FINAL_Premier_Padel_MILANO_P1_Coello_Tap_Backhand_f3284-3299.mp4,57.03125,21.166666666666668,9.937499999999998,13.666666666666666
dataset/Backhand/e8997432_FINAL_Premier_Padel_MILANO_P1_Coello_Tap_Backhand_f3710-3720.mp4,58.39062499999999,23.166666666666664,9.656250000000005,14.833333333333332
dataset/Backhand/e8997432_FINAL_Premier_Padel_MILANO_P1_Coello_Tap_Backhand_f3946-3958.mp4,54.82812500000001,18.333333333333332,9.187499999999993,15.833333333333332
dataset/Backhand/e8997432_FINAL_Premier_Padel_MILANO_P1_Coello_Tap_Backhand_f4211-4225.mp4,45.546875,21.5,7.5937500000000036,12.833333333333336
dataset/Backhand/e8997432_FINAL_Premier_Padel_MILANO_P1_Coello_Tap_Backhand_f5989-6000.mp4,57.73437500000001,17.833333333333332,9.562499999999995,16.333333333333332
dataset/Backhand_Volley/4965c88d_IMG_6592_Backhand_Volley_f15597-15611.mp4,56.75,35.5,15.093750000000009,24.500000000000004
dataset/Backhand_Volley/4965c88d_IMG_6592_Backhand_Volley_f16181-16195.mp4,25.250000000000007,37,14.34375,19.833333333333332
dataset/Backhand_Volley/4965c88d_IMG_6592_Backhand_Volley_f16805-16818.mp4,55.0625,39.666666666666664,10.124999999999993,19.83333333333334
dataset/Backhand_Volley/750cdfaf_IMG_6593_Backhand_Volley_f4372-4384.mp4,61.06249999999999,23.666666666666668,17.718749999999993,36.49999999999999
dataset/Backhand_Volley/750cdfaf_IMG_6593_Backhand_Volley_f5229-5240.mp4,29.09375,27.999999999999996,15.281249999999998,28.833333333333332
dataset/Backhand_Volley/750cdfaf_IMG_6593_Backhand_Volley_f5449-5460.mp4,22.66735692771082,24.666666666666664,22.21875,35
dataset/Backhand_Volley/750cdfaf_IMG_6593_Backhand_Volley_f7476-7489.mp4,17.421875,24.666666666666664,23.90625,32.166666666666664
dataset/Backhand_Volley/750cdfaf_IMG_6593_Backhand_Volley_f7656-7670.mp4,53.046875,26.666666666666668,13.593749999999998,27.333333333333325
dataset/Backhand_Volley/a0136e6b_Di_Nenno_Augsburger_vs_Garcia_Barahona_M_Backhand_Volley_f1029-1038.mp4,32.421875,39.33333333333333,11.71875,20
dataset/Backhand_Volley/a0136e6b_Di_Nenno_Augsburger_vs_Garcia_Barahona_M_Backhand_Volley_f1110-1118.mp4,42.35937500000001,26.5,8.624999999999995,15.499999999999996
dataset/Backhand_Volley/a0136e6b_Di_Nenno_Augsburger_vs_Garcia_Barahona_M_Backhand_Volley_f1804-1811.mp4,38.890625,23.833333333333332,11.156249999999996,16.666666666666664
dataset/Backhand_Volley/a0136e6b_Di_Nenno_Augsburger_vs_Garcia_Barahona_M_Backhand_Volley_f190-201.mp4,34.296875,36.5,15,23.000000000000004
dataset/Backhand_Volley/a0136e6b_Di_Nenno_Augsburger_vs_Garcia_Barahona_M_Backhand_Volley_f2215-2225.mp4,38.796875,37.666666666666664,11.624999999999996,21.333333333333332
dataset/Backhand_Volley/a0136e6b_Di_Nenno_Augsburger_vs_Garcia_Barahona_M_Backhand_Volley_f222-234.mp4,56.796875,36.666666666666664,11.531250000000005,22.5
dataset/Backhand_Volley/a0136e6b_Di_Nenno_Augsburger_vs_Garcia_Barahona_M_Backhand_Volley_f2365-2375.mp4,54.453125,27.666666666666668,11.812499999999998,17.166666666666664
dataset/Backhand_Volley/a0136e6b_Di_Nenno_Augsburger_vs_Garcia_Barahona_M_Backhand_Volley_f2592-2602.mp4,53.14062500000001,37,15.468749999999995,25.166666666666664
dataset/Backhand_Volley/a0136e6b_Di_Nenno_Augsburger_vs_Garcia_Barahona_M_Backhand_Volley_f2632-2641.mp4,55.10937499999999,35.99999999999999,16.218750000000004,24.500000000000004
dataset/Backhand_Volley/a0136e6b_Di_Nenno_Augsburger_vs_Garcia_Barahona_M_Backhand_Volley_f308-318.mp4,52.20312500000001,36.5,12.46875,22.666666666666668
dataset/Backhand_Volley/a0136e6b_Di_Nenno_Augsburger_vs_Garcia_Barahona_M_Backhand_Volley_f3231-3240.mp4,54.17187499999999,35.5,11.625000000000002,23.666666666666668
dataset/Backhand_Volley/a0136e6b_Di_Nenno_Augsburger_vs_Garcia_Barahona_M_Backhand_Volley_f3566-3575.mp4,42.35937500000001,37.166666666666664,10.218749999999996,22.166666666666664
dataset/Backhand_Volley/a0136e6b_Di_Nenno_Augsburger_vs_Garcia_Barahona_M_Backhand_Volley_f3967-3977.mp4,35.421875,35.33333333333333,13.125,21.833333333333336
dataset/Backhand_Volley/a0136e6b_Di_Nenno_Augsburger_vs_Garcia_Barahona_M_Backhand_Volley_f4247-4257.mp4,39.26562500000001,35.5,12.562499999999996,22.5
dataset/Backhand_Volley/a0136e6b_Di_Nenno_Augsburger_vs_Garcia_Barahona_M_Backhand_Volley_f4550-4559.mp4,55.67187500000001,34.833333333333336,10.968749999999995,23.166666666666664
dataset/Backhand_Volley/a0136e6b_Di_Nenno_Augsburger_vs_Garcia_Barahona_M_Backhand_Volley_f4854-4865.mp4,56.984375,36.666666666666664,12.1875,20.833333333333336
dataset/Backhand_Volley/a0136e6b_Di_Nenno_Augsburger_vs_Garcia_Barahona_M_Backhand_Volley_f5084-5091.mp4,50.14062500000001,38.666666666666664,12.281249999999998,23.000000000000004
dataset/Backhand_Volley/a0136e6b_Di_Nenno_Augsburger_vs_Garcia_Barahona_M_Backhand_Volley_f5644-5652.mp4,57.45312499999999,23.833333333333332,10.875000000000009,18.333333333333332
dataset/Backhand_Volley/a0136e6b_Di_Nenno_Augsburger_vs_Garcia_Barahona_M_Backhand_Volley_f617-626.mp4,56.703125,37.5,9.84375,22.33333333333333
dataset/Backhand_Volley/a0136e6b_Di_Nenno_Augsburger_vs_Garcia_Barahona_M_Backhand_Volley_f6445-6454.mp4,55.67187500000001,24.833333333333332,10.68749999999999,18.5
dataset/Backhand_Volley/a0136e6b_Di_Nenno_Augsburger_vs_Garcia_Barahona_M_Backhand_Volley_f670-681.mp4,56.60937500000001,39,12.093749999999991,20.500000000000004
dataset/Backhand_Volley/a0136e6b_Di_Nenno_Augsburger_vs_Garcia_Barahona_M_Backhand_Volley_f7334-7343.mp4,32.23437500000001,36.33333333333333,10.218749999999996,24.33333333333333
dataset/Backhand_Volley/a0136e6b_Di_Nenno_Augsburger_vs_Garcia_Barahona_M_Backhand_Volley_f7362-7371.mp4,52.859375,37.83333333333333,11.812500000000004,22.833333333333332
dataset/Backhand_Volley/a0136e6b_Di_Nenno_Augsburger_vs_Garcia_Barahona_M_Backhand_Volley_f7404-7415.mp4,41.328125,33.166666666666664,11.343750000000004,24.999999999999993
dataset/Backhand_Volley/a0136e6b_Di_Nenno_Augsburger_vs_Garcia_Barahona_M_Backhand_Volley_f8308-8318.mp4,38.984375,26.999999999999996,8.4375,17.666666666666668
dataset/Backhand_Volley/a0136e6b_Di_Nenno_Augsburger_vs_Garcia_Barahona_M_Backhand_Volley_f8582-8591.mp4,53.515625,28.666666666666664,10.499999999999995,18.833333333333336
dataset/Backhand_Volley/a0136e6b_Di_Nenno_Augsburger_vs_Garcia_Barahona_M_Backhand_Volley_f9294-9303.mp4,42.64062500000001,27.666666666666668,10.031250000000002,16.66666666666666
dataset/Backhand_Volley/a0136e6b_Di_Nenno_Augsburger_vs_Garcia_Barahona_M_Backhand_Volley_f9558-9569.mp4,34.109375,34.666666666666664,12.281249999999998,25.166666666666664
dataset/Backhand_Volley/a0136e6b_Di_Nenno_Augsburger_vs_Garcia_Barahona_M_Backhand_Volley_f9903-9911.mp4,54.82812500000001,35.16666666666667,12.562500000000002,22.499999999999996
dataset/Backhand_Volley/a9675986_IMG_6589_Backhand_Volley_f12922-12935.mp4,16.015625000000004,51.00000000000001,23.718750000000004,44.166666666666664
dataset/Backhand_Volley/a9675986_IMG_6589_Backhand_Volley_f6691-6703.mp4,48.359375,56.99999999999999,27.281249999999996,34.666666666666664
dataset/Backhand_Volley/d4e34e3e_IMG_6557_Backhand_Volley_f2865-2882.mp4,63.64062500000001,43.83333333333332,19.874999999999996,40.666666666666664
dataset/Backhand_Volley/d4e34e3e_IMG_6557_Backhand_Volley_f3479-3492.mp4,19.109375,51.833333333333336,17.90625,32.99999999999999
dataset/Backhand_Volley/d4e34e3e_IMG_6557_Backhand_Volley_f8485-8501.mp4,15.078125000000004,52.33333333333333,18.187499999999996,34.5
dataset/Bandeja/448aeb92_IMG_6552_Bandeja_f21060-21072.mp4,55.25,48.66666666666667,18.187500000000004,29.166666666666657
dataset/Bandeja/448aeb92_IMG_6552_Bandeja_f21610-21625.mp4,30.96875,51.49999999999999,13.78125,25.5
dataset/Bandeja/448aeb92_IMG_6552_Bandeja_f8763-8772.mp4,37.34375,50.83333333333333,11.062499999999998,27.166666666666668
dataset/Bandeja/448aeb92_IMG_6552_Bandeja_f9670-9685.mp4,51.6875,48.83333333333333,10.875000000000004,29.166666666666668
dataset/Bandeja/750cdfaf_IMG_6593_Bandeja_f16399-16414.mp4,56.421875,15.666666666666664,34.40625000000001,61.66666666666667
dataset/Bandeja/750cdfaf_IMG_6593_Bandeja_f20441-20453.mp4,63.35937499999999,15.333333333333332,33.00000000000001,54.166666666666664
dataset/Bandeja/750cdfaf_IMG_6593_Bandeja_f20525-20537.mp4,63.64062500000001,13.999999999999998,31.593749999999993,58.166666666666664
dataset/Bandeja/750cdfaf_IMG_6593_Bandeja_f7722-7737.mp4,70.484375,17.833333333333332,22.124999999999996,48.83333333333333
dataset/Contrapared/a0136e6b_Di_Nenno_Augsburger_vs_Garcia_Barahona_M_Contrapared_f1440-1451.mp4,55.10937499999999,18.833333333333332,9.656250000000005,17.333333333333332
dataset/Contrapared/a0136e6b_Di_Nenno_Augsburger_vs_Garcia_Barahona_M_Contrapared_f2059-2070.mp4,57.54687500000001,18.333333333333332,9.749999999999991,16.999999999999996
dataset/Contrapared/a0136e6b_Di_Nenno_Augsburger_vs_Garcia_Barahona_M_Contrapared_f6877-6886.mp4,19.109375,54.166666666666664,13.3125,29.499999999999993
dataset/Dropshot/448aeb92_IMG_6552_Dropshot_f23796-23810.mp4,33.78125,52.666666666666664,9.750000000000002,18.666666666666668
dataset/Forehand/108cfa87_IMG_6554_Forehand_f1673-1687.mp4,63.265625000000014,44.166666666666664,26.99999999999999,38.49999999999999
dataset/Forehand/108cfa87_IMG_6554_Forehand_f683-696.mp4,0.05208333333334517,43.1666666666667,19.437500000000004,38
dataset/Forehand/108cfa87_IMG_6554_Forehand_f736-749.mp4,57.031250000000036,43.00000000000001,21.749999999999993,35.5
dataset/Forehand/108cfa87_IMG_6554_Forehand_f8422-8435.mp4,15.500000000000005,46.166666666666664,33.65625000000001,44.333333333333336
dataset/Forehand/448aeb92_IMG_6552_Forehand_f12958-12968.mp4,71.60937500000001,51.66666666666667,28.031250000000004,47.999999999999986
dataset/Forehand/448aeb92_IMG_6552_Forehand_f9390-9403.mp4,68.1875,51.33333333333333,25.406249999999996,42.33333333333333
dataset/Forehand/a0136e6b_Di_Nenno_Augsburger_vs_Garcia_Barahona_M_Forehand_f1774-1782.mp4,30.453125000000004,21.166666666666668,10.874999999999996,15.166666666666664
dataset/Forehand/a0136e6b_Di_Nenno_Augsburger_vs_Garcia_Barahona_M_Forehand_f2015-2026.mp4,49.67187500000001,19.833333333333332,9.84375,15.833333333333332
dataset/Forehand/a0136e6b_Di_Nenno_Augsburger_vs_Garcia_Barahona_M_Forehand_f2617-2627.mp4,51.828125,19.5,8.625,15.166666666666664
dataset/Forehand/a0136e6b_Di_Nenno_Augsburger_vs_Garcia_Barahona_M_Forehand_f2655-2664.mp4,52.10937500000001,19.666666666666664,9.750000000000002,16.166666666666668
dataset/Forehand/a0136e6b_Di_Nenno_Augsburger_vs_Garcia_Barahona_M_Forehand_f293-305.mp4,48.171875,23.166666666666664,8.718749999999998,13.166666666666666
dataset/Forehand/a0136e6b_Di_Nenno_Augsburger_vs_Garcia_Barahona_M_Forehand_f3179-3189.mp4,50.046875,21,9.468750000000004,14.666666666666666
dataset/Forehand/a0136e6b_Di_Nenno_Augsburger_vs_Garcia_Barahona_M_Forehand_f3214-3225.mp4,53.79687500000001,20.333333333333332,8.156249999999995,14.333333333333332
dataset/Forehand/a0136e6b_Di_Nenno_Augsburger_vs_Garcia_Barahona_M_Forehand_f3904-3919.mp4,50.046875,20.166666666666664,10.312500000000007,15.666666666666668
dataset/Forehand/a0136e6b_Di_Nenno_Augsburger_vs_Garcia_Barahona_M_Forehand_f3951-3962.mp4,35.98437500000001,20,7.781249999999999,14.333333333333334
dataset/Forehand/a0136e6b_Di_Nenno_Augsburger_vs_Garcia_Barahona_M_Forehand_f4185-4195.mp4,38.14062500000001,20,9.656249999999998,15.333333333333329
dataset/Forehand/a0136e6b_Di_Nenno_Augsburger_vs_Garcia_Barahona_M_Forehand_f4230-4241.mp4,60.921875,21.833333333333332,8.812500000000002,14.833333333333334
dataset/Forehand/a0136e6b_Di_Nenno_Augsburger_vs_Garcia_Barahona_M_Forehand_f4532-4543.mp4,61.76562500000001,21.666666666666668,7.87499999999999,13.83333333333333
dataset/Forehand/a0136e6b_Di_Nenno_Augsburger_vs_Garcia_Barahona_M_Forehand_f4874-4884.mp4,41.609375,18.166666666666664,8.90625,18.333333333333332
dataset/Forehand/a0136e6b_Di_Nenno_Augsburger_vs_Garcia_Barahona_M_Forehand_f5067-5077.mp4,33.359375,20.5,11.625000000000002,16.833333333333332
dataset/Forehand/a0136e6b_Di_Nenno_Augsburger_vs_Garcia_Barahona_M_Forehand_f598-609.mp4,49.76562500000001,19.5,10.3125,16.499999999999996
dataset/Forehand/a0136e6b_Di_Nenno_Augsburger_vs_Garcia_Barahona_M_Forehand_f6427-6437.mp4,52.859375,49.666666666666664,18.843750000000004,32.99999999999999
dataset/Forehand/a0136e6b_Di_Nenno_Augsburger_vs_Garcia_Barahona_M_Forehand_f654-665.mp4,51.92187499999999,21.166666666666668,9.281249999999996,14.166666666666664
dataset/Forehand/a0136e6b_Di_Nenno_Augsburger_vs_Garcia_Barahona_M_Forehand_f6836-6845.mp4,64.484375,53.333333333333336,20.531250000000004,29.33333333333333
dataset/Forehand/a0136e6b_Di_Nenno_Augsburger_vs_Garcia_Barahona_M_Forehand_f8294-8303.mp4,31.859375,58.666666666666664,18.5625,26.666666666666654
dataset/Forehand/a0136e6b_Di_Nenno_Augsburger_vs_Garcia_Barahona_M_Forehand_f8339-8347.mp4,49.765625,55.333333333333336,11.531250000000005,28.833333333333332
dataset/Forehand/a0136e6b_Di_Nenno_Augsburger_vs_Garcia_Barahona_M_Forehand_f8563-8574.mp4,28.859375000000004,52.166666666666664,15,32.66666666666666
dataset/Forehand/a0136e6b_Di_Nenno_Augsburger_vs_Garcia_Barahona_M_Forehand_f8813-8824.mp4,21.640625000000004,50.83333333333333,19.875,32.166666666666664
dataset/Forehand/a0136e6b_Di_Nenno_Augsburger_vs_Garcia_Barahona_M_Forehand_f9586-9597.mp4,49.953125,21.5,10.031250000000002,13.666666666666668
dataset/Forehand/a0136e6b_Di_Nenno_Augsburger_vs_Garcia_Barahona_M_Forehand_f9625-9632.mp4,33.64062500000001,23.166666666666664,9.374999999999995,12.83333333333333
dataset/Forehand/a0136e6b_Di_Nenno_Augsburger_vs_Garcia_Barahona_M_Forehand_f9886-9897.mp4,48.921875,21.5,10.031250000000002,14.166666666666666
dataset/Forehand/d4e34e3e_IMG_6557_Forehand_f1565-1579.mp4,20.703125000000007,52.16666666666666,17.53125,29.166666666666668
dataset/Forehand/d4e34e3e_IMG_6557_Forehand_f2667-2682.mp4,52.953125000000014,54.83333333333333,16.875,25.66666666666667
dataset/Forehand_Volley/448aeb92_IMG_6552_Forehand_Volley_f20863-20876.mp4,48.3125,51.16666666666667,10.593749999999998,21.166666666666657
dataset/Forehand_Volley/448aeb92_IMG_6552_Forehand_Volley_f20905-20918.mp4,50.9375,53,15.750000000000005,20.333333333333336
dataset/Forehand_Volley/448aeb92_IMG_6552_Forehand_Volley_f20947-20958.mp4,49.25,53.66666666666667,11.718749999999995,18.66666666666666
dataset/Forehand_Volley/448aeb92_IMG_6552_Forehand_Volley_f21006-21019.mp4,50.5625,53.99999999999999,12.375000000000002,18.333333333333332
dataset/Forehand_Volley/448aeb92_IMG_6552_Forehand_Volley_f6995-7007.mp4,34.85937500000002,53.49999999999999,11.531249999999998,19.33333333333333
dataset/Forehand_Volley/448aeb92_IMG_6552_Forehand_Volley_f9530-9542.mp4,52.81249999999999,53.99999999999999,13.781249999999995,20.66666666666667
dataset/Forehand_Volley/4965c88d_IMG_6592_Forehand_Volley_f17678-17689.mp4,42.125,37.666666666666664,9.749999999999996,18.333333333333332
dataset/Forehand_Volley/4965c88d_IMG_6592_Forehand_Volley_f18594-18606.mp4,42.453125,37.333333333333336,11.156249999999996,21.833333333333336
dataset/Forehand_Volley/750cdfaf_IMG_6593_Forehand_Volley_f15895-15909.mp4,59.51562500000001,25,27.187499999999996,39.83333333333333
dataset/Forehand_Volley/750cdfaf_IMG_6593_Forehand_Volley_f17495-17507.mp4,38.046875,19.166666666666668,26.531250000000007,48.83333333333333
dataset/Forehand_Volley/750cdfaf_IMG_6593_Forehand_Volley_f19855-19868.mp4,59.609375,23.5,23.624999999999996,38.50000000000001
dataset/Forehand_Volley/750cdfaf_IMG_6593_Forehand_Volley_f19944-19955.mp4,58.39062499999999,24.833333333333332,22.218750000000007,32.83333333333333
dataset/Forehand_Volley/750cdfaf_IMG_6593_Forehand_Volley_f22923-22935.mp4,25.109375,14.499999999999998,27.375,45
dataset/Forehand_Volley/750cdfaf_IMG_6593_Forehand_Volley_f4442-4454.mp4,60.546875,20.166666666666664,28.406250000000004,38.333333333333336
dataset/Forehand_Volley/a0136e6b_Di_Nenno_Augsburger_vs_Garcia_Barahona_M_Forehand_Volley_f2036-2045.mp4,53.70312499999999,32.666666666666664,11.625000000000002,26.333333333333325
dataset/Forehand_Volley/a0136e6b_Di_Nenno_Augsburger_vs_Garcia_Barahona_M_Forehand_Volley_f263-273.mp4,34.859375,34.166666666666664,12.093749999999996,23.666666666666668
dataset/Forehand_Volley/a0136e6b_Di_Nenno_Augsburger_vs_Garcia_Barahona_M_Forehand_Volley_f3198-3208.mp4,54.82812500000001,34.5,10.874999999999996,26
dataset/Forehand_Volley/a0136e6b_Di_Nenno_Augsburger_vs_Garcia_Barahona_M_Forehand_Volley_f3520-3528.mp4,28.390625000000004,35,14.34375,23.666666666666668
dataset/Forehand_Volley/a0136e6b_Di_Nenno_Augsburger_vs_Garcia_Barahona_M_Forehand_Volley_f4198-4206.mp4,36.171875,34.666666666666664,12.562500000000002,23.16666666666667
dataset/Forehand_Volley/a0136e6b_Di_Nenno_Augsburger_vs_Garcia_Barahona_M_Forehand_Volley_f4929-4938.mp4,34.765625,34.333333333333336,14.625000000000005,21.999999999999996
dataset/Forehand_Volley/a0136e6b_Di_Nenno_Augsburger_vs_Garcia_Barahona_M_Forehand_Volley_f6855-6864.mp4,41.234375,26.166666666666664,11.812499999999998,18.166666666666664
dataset/Forehand_Volley/a0136e6b_Di_Nenno_Augsburger_vs_Garcia_Barahona_M_Forehand_Volley_f7117-7129.mp4,34.390625,23.166666666666664,10.687499999999996,20.833333333333336
dataset/Forehand_Volley/a0136e6b_Di_Nenno_Augsburger_vs_Garcia_Barahona_M_Forehand_Volley_f8535-8549.mp4,52.015625,26.5,12.562500000000002,19.666666666666664
dataset/Forehand_Volley/a0136e6b_Di_Nenno_Augsburger_vs_Garcia_Barahona_M_Forehand_Volley_f8832-8840.mp4,43.765625,28.166666666666668,12.749999999999991,19.833333333333332
dataset/Forehand_Volley/a0136e6b_Di_Nenno_Augsburger_vs_Garcia_Barahona_M_Forehand_Volley_f9182-9192.mp4,51.07812500000001,25.833333333333336,10.78125,20.833333333333336
dataset/Forehand_Volley/a0136e6b_Di_Nenno_Augsburger_vs_Garcia_Barahona_M_Forehand_Volley_f9218-9230.mp4,35.703125,26.5,9.750000000000002,16.999999999999996
dataset/Forehand_Volley/a0136e6b_Di_Nenno_Augsburger_vs_Garcia_Barahona_M_Forehand_Volley_f9262-9271.mp4,40.203125,25,12.281250000000004,18.166666666666664
dataset/Forehand_Volley/a0136e6b_Di_Nenno_Augsburger_vs_Garcia_Barahona_M_Forehand_Volley_f9602-9610.mp4,38.515625,35.33333333333333,12.281250000000004,20.83333333333334
dataset/Forehand_Volley/a9675986_IMG_6589_Forehand_Volley_f4659-4673.mp4,51.546875,58.49999999999999,28.874999999999996,35.166666666666664
dataset/Forehand_Volley/e8997432_FINAL_Premier_Padel_MILANO_P1_Coello_Tap_Forehand_Volley_f1159-1170.mp4,59.421875,39.666666666666664,11.531249999999993,19.500000000000004
dataset/Forehand_Volley/e8997432_FINAL_Premier_Padel_MILANO_P1_Coello_Tap_Forehand_Volley_f21007-21020.mp4,30.359375,25.333333333333332,13.40625,15.833333333333332
dataset/Forehand_Volley/e8997432_FINAL_Premier_Padel_MILANO_P1_Coello_Tap_Forehand_Volley_f22646-22656.mp4,50.796875,27.999999999999996,11.156249999999996,12.999999999999998
dataset/Forehand_Volley/e8997432_FINAL_Premier_Padel_MILANO_P1_Coello_Tap_Forehand_Volley_f29422-29435.mp4,55.015625,26.666666666666668,11.812499999999998,15.333333333333329
dataset/Forehand_Volley/e8997432_FINAL_Premier_Padel_MILANO_P1_Coello_Tap_Forehand_Volley_f4177-4192.mp4,29.609375,41.333333333333336,12.843750000000002,21.83333333333333
dataset/Forehand_Volley/e8997432_FINAL_Premier_Padel_MILANO_P1_Coello_Tap_Forehand_Volley_f425-440.mp4,37.39062500000001,37.666666666666664,12.843749999999995,21.666666666666668
dataset/Forehand_Volley/e8997432_FINAL_Premier_Padel_MILANO_P1_Coello_Tap_Forehand_Volley_f5286-5301.mp4,48.92187500000001,25.33333333333333,11.343749999999991,17.333333333333332
dataset/Forehand_Volley/e8997432_FINAL_Premier_Padel_MILANO_P1_Coello_Tap_Forehand_Volley_f7197-7213.mp4,46.671875,26.5,12.187499999999995,15.833333333333332
dataset/Forehand_Volley/e8997432_FINAL_Premier_Padel_MILANO_P1_Coello_Tap_Forehand_Volley_f7303-7316.mp4,50.140625,26.5,11.437499999999995,15.333333333333329
dataset/Forehand_Volley/e8997432_FINAL_Premier_Padel_MILANO_P1_Coello_Tap_Forehand_Volley_f765-780.mp4,38.23437500000001,40.5,12.65625,20
dataset/Lob/448aeb92_IMG_6552_Lob_f22762-22774.mp4,66.03125,44.99999999999999,33.750000000000014,54.333333333333336
dataset/Lob/448aeb92_IMG_6552_Lob_f23693-23706.mp4,73.15625,51.66666666666667,26.625000000000014,47.999999999999986
dataset/Lob/448aeb92_IMG_6552_Lob_f2899-2908.mp4,65.9375,46.166666666666664,33.843750000000014,53.333333333333336
dataset/Lob/448aeb92_IMG_6552_Lob_f2974-2985.mp4,36.40625,53.66666666666667,4.7812500000000036,9.499999999999991
dataset/Lob/750cdfaf_IMG_6593_Lob_f15026-15040.mp4,0.3593750000000071,6.5,39.09374999999999,92.99999999999999
dataset/Lob/a0136e6b_Di_Nenno_Augsburger_vs_Garcia_Barahona_M_Lob_f1050-1061.mp4,41.328125,18.5,9.093750000000002,15.999999999999998
dataset/Lob/a0136e6b_Di_Nenno_Augsburger_vs_Garcia_Barahona_M_Lob_f1127-1140.mp4,27.078125000000007,48.83333333333333,15.468749999999995,17.999999999999996
dataset/Lob/a0136e6b_Di_Nenno_Augsburger_vs_Garcia_Barahona_M_Lob_f1359-1370.mp4,48.453125,20.833333333333336,8.812499999999996,14.333333333333334
dataset/Lob/a0136e6b_Di_Nenno_Augsburger_vs_Garcia_Barahona_M_Lob_f1696-1704.mp4,39.828125,20.833333333333336,9.093750000000002,14.499999999999996
dataset/Lob/a0136e6b_Di_Nenno_Augsburger_vs_Garcia_Barahona_M_Lob_f2722-2732.mp4,44.796875,20.166666666666664,7.124999999999998,16.5
dataset/Lob/a0136e6b_Di_Nenno_Augsburger_vs_Garcia_Barahona_M_Lob_f328-337.mp4,43.390625,20.5,9.562500000000002,14.500000000000002
dataset/Lob/a0136e6b_Di_Nenno_Augsburger_vs_Garcia_Barahona_M_Lob_f3592-3601.mp4,59.89062500000001,16.333333333333332,10.499999999999995,19.5
dataset/Lob/a0136e6b_Di_Nenno_Augsburger_vs_Garcia_Barahona_M_Lob_f4281-4292.mp4,40.203125,18.833333333333332,10.406250000000004,18.333333333333332
dataset/Lob/a0136e6b_Di_Nenno_Augsburger_vs_Garcia_Barahona_M_Lob_f5128-5138.mp4,59.796875,18.666666666666668,8.90625,15.999999999999998
dataset/Lob/a0136e6b_Di_Nenno_Augsburger_vs_Garcia_Barahona_M_Lob_f6292-6307.mp4,63.17187500000001,49.5,22.406249999999993,30.666666666666657
dataset/Lob/a0136e6b_Di_Nenno_Augsburger_vs_Garcia_Barahona_M_Lob_f6631-6642.mp4,13.859375000000004,47.5,19.125,36.83333333333333
dataset/Lob/a0136e6b_Di_Nenno_Augsburger_vs_Garcia_Barahona_M_Lob_f699-712.mp4,43.671875,21,10.593750000000005,16.833333333333332
dataset/Lob/a0136e6b_Di_Nenno_Augsburger_vs_Garcia_Barahona_M_Lob_f7225-7238.mp4,24.921875,49.666666666666664,17.71875,27.66666666666666
dataset/Lob/a0136e6b_Di_Nenno_Augsburger_vs_Garcia_Barahona_M_Lob_f8871-8881.mp4,13.484375,55.666666666666664,20.90625,29.500000000000004
dataset/Lob/a0136e6b_Di_Nenno_Augsburger_vs_Garcia_Barahona_M_Lob_f9332-9343.mp4,14.984375,56.333333333333336,21.09375,29.33333333333333
dataset/Lob/d4e34e3e_IMG_6557_Lob_f158-173.mp4,20.140625,57.83333333333334,12.749999999999998,25.66666666666666
dataset/Smash/448aeb92_IMG_6552_Smash_f4258-4268.mp4,37.25,52.5,9.187499999999998,22.33333333333333
dataset/Smash/4965c88d_IMG_6592_Smash_f17193-17206.mp4,53.515625,34.537558685446015,9.187499999999993,22.333333333333332
dataset/Smash/4965c88d_IMG_6592_Smash_f18630-18642.mp4,40.90625,36.5,9.468750000000004,19.999999999999996
dataset/Smash/750cdfaf_IMG_6593_Smash_f14154-14169.mp4,25.203125000000004,20.333333333333332,18.281249999999996,23.999999999999993
dataset/Smash/750cdfaf_IMG_6593_Smash_f4890-4902.mp4,26.421875000000007,16.833333333333332,19.593749999999996,44.166666666666664
dataset/Smash/750cdfaf_IMG_6593_Smash_f9972-9986.mp4,10.484375000000004,14.166666666666666,23.062499999999996,44.666666666666664
dataset/Smash/a0136e6b_Di_Nenno_Augsburger_vs_Garcia_Barahona_M_Smash_f1159-1179.mp4,33.640625,19.833333333333332,11.812499999999998,18.333333333333332
dataset/Smash/a0136e6b_Di_Nenno_Augsburger_vs_Garcia_Barahona_M_Smash_f1480-1498.mp4,32.609375,39.66666666666667,13.687499999999996,31.16666666666667
dataset/Smash/a0136e6b_Di_Nenno_Augsburger_vs_Garcia_Barahona_M_Smash_f2102-2119.mp4,38.796875,38.83333333333333,11.531249999999998,32.33333333333333
dataset/Smash/a0136e6b_Di_Nenno_Augsburger_vs_Garcia_Barahona_M_Smash_f373-390.mp4,43.015625,40.666666666666664,14.531250000000007,31.166666666666664
dataset/Smash/a0136e6b_Di_Nenno_Augsburger_vs_Garcia_Barahona_M_Smash_f4593-4608.mp4,58.578125,34.333333333333336,23.999999999999996,38.49999999999999
dataset/Smash/a0136e6b_Di_Nenno_Augsburger_vs_Garcia_Barahona_M_Smash_f6330-6343.mp4,32.609375,14.166666666666664,15.46875,24.666666666666664
dataset/Smash/a0136e6b_Di_Nenno_Augsburger_vs_Garcia_Barahona_M_Smash_f6922-6935.mp4,58.95312500000001,18.333333333333336,12.65625,24.666666666666664
dataset/Smash/a9675986_IMG_6589_Smash_f3266-3280.mp4,38.609375,50,12.749999999999998,28.666666666666657
dataset/Smash/d4e34e3e_IMG_6557_Smash_f8196-8211.mp4,20.421875,44.16666666666667,15.187500000000002,40.5
dataset/Smash/d4e34e3e_IMG_6557_Smash_f8607-8622.mp4,53.70312499999999,42,17.531250000000007,46.5
dataset/Smash/e8997432_FINAL_Premier_Padel_MILANO_P1_Coello_Tap_Smash_f10034-10050.mp4,58.39062499999999,17.833333333333332,8.625000000000007,19.5
dataset/Smash/e8997432_FINAL_Premier_Padel_MILANO_P1_Coello_Tap_Smash_f10772-10787.mp4,32.796875,43.16666666666666,16.499999999999996,35.33333333333333
dataset/Smash/e8997432_FINAL_Premier_Padel_MILANO_P1_Coello_Tap_Smash_f11140-11154.mp4,50.515625,37.16666666666667,16.500000000000004,33.33333333333333
dataset/Smash/e8997432_FINAL_Premier_Padel_MILANO_P1_Coello_Tap_Smash_f11460-11474.mp4,53.328125,36.49999999999999,16.125,31.833333333333336
dataset/Smash/e8997432_FINAL_Premier_Padel_MILANO_P1_Coello_Tap_Smash_f14365-14383.mp4,31.015625000000004,16.16666666666666,12.46875,23.333333333333332
dataset/Smash/e8997432_FINAL_Premier_Padel_MILANO_P1_Coello_Tap_Smash_f14783-14799.mp4,41.046875,13.999999999999996,9.187499999999998,24.833333333333332
dataset/Smash/e8997432_FINAL_Premier_Padel_MILANO_P1_Coello_Tap_Smash_f18383-18397.mp4,64.109375,39.83333333333333,9.84375,22.499999999999996
dataset/Smash/e8997432_FINAL_Premier_Padel_MILANO_P1_Coello_Tap_Smash_f18754-18768.mp4,36.171875,19.000000000000004,8.812500000000002,22.333333333333332
dataset/Smash/e8997432_FINAL_Premier_Padel_MILANO_P1_Coello_Tap_Smash_f19958-19972.mp4,30.359375000000007,21.666666666666664,8.156249999999995,20.166666666666664
dataset/Smash/e8997432_FINAL_Premier_Padel_MILANO_P1_Coello_Tap_Smash_f2014-2028.mp4,23.328125,40.33333333333333,19.96875,31.833333333333336
dataset/Smash/e8997432_FINAL_Premier_Padel_MILANO_P1_Coello_Tap_Smash_f21351-21364.mp4,36.171875,46.83333333333332,15.75,30.999999999999993
dataset/Smash/e8997432_FINAL_Premier_Padel_MILANO_P1_Coello_Tap_Smash_f22456-22470.mp4,41.421875,17.33333333333333,10.687499999999996,23
dataset/Smash/e8997432_FINAL_Premier_Padel_MILANO_P1_Coello_Tap_Smash_f23696-23711.mp4,56.421874999999986,38.49999999999999,13.593749999999998,30.333333333333336
dataset/Smash/e8997432_FINAL_Premier_Padel_MILANO_P1_Coello_Tap_Smash_f2387-2405.mp4,52.390625,39.16666666666667,12.281250000000004,28.16666666666666
dataset/Smash/e8997432_FINAL_Premier_Padel_MILANO_P1_Coello_Tap_Smash_f24261-24274.mp4,56.703125,41,11.71875,30
dataset/Smash/e8997432_FINAL_Premier_Padel_MILANO_P1_Coello_Tap_Smash_f26194-26207.mp4,57.73437500000001,15.166666666666664,10.78125,19.5
dataset/Smash/e8997432_FINAL_Premier_Padel_MILANO_P1_Coello_Tap_Smash_f26956-26968.mp4,44.42187499999999,19.833333333333332,11.531249999999998,20.166666666666668
dataset/Smash/e8997432_FINAL_Premier_Padel_MILANO_P1_Coello_Tap_Smash_f28773-28787.mp4,54.734375,18.666666666666664,9.937499999999998,22
dataset/Smash/e8997432_FINAL_Premier_Padel_MILANO_P1_Coello_Tap_Smash_f3160-3173.mp4,39.546875,41.83333333333333,11.999999999999998,29.33333333333333
dataset/Smash/e8997432_FINAL_Premier_Padel_MILANO_P1_Coello_Tap_Smash_f4516-4531.mp4,38.890625,41.83333333333333,11.624999999999996,31.33333333333333
dataset/Smash/e8997432_FINAL_Premier_Padel_MILANO_P1_Coello_Tap_Smash_f6391-6406.mp4,41.703125,17.5,8.531249999999996,20.833333333333336
dataset/Smash/e8997432_FINAL_Premier_Padel_MILANO_P1_Coello_Tap_Smash_f8151-8166.mp4,40.109375,18,8.625,17.833333333333336
dataset/Smash/e8997432_FINAL_Premier_Padel_MILANO_P1_Coello_Tap_Smash_f9037-9050.mp4,57.171875,39.33333333333333,11.25,27.999999999999996
dataset/Vibora/448aeb92_IMG_6552_Vibora_f21687-21703.mp4,29.000000000000004,49.5,16.21875,29.499999999999993
dataset/Vibora/a0136e6b_Di_Nenno_Augsburger_vs_Garcia_Barahona_M_Vibora_f1091-1104.mp4,38.23437500000001,41.00000000000001,17.343749999999993,32.99999999999999
dataset/Vibora/a0136e6b_Di_Nenno_Augsburger_vs_Garcia_Barahona_M_Vibora_f1401-1414.mp4,14.609375000000004,39.83333333333333,21.093749999999996,40.166666666666664
dataset/Vibora/a0136e6b_Di_Nenno_Augsburger_vs_Garcia_Barahona_M_Vibora_f1733-1748.mp4,62.98437499999999,41,22.218750000000007,39.33333333333333
dataset/Vibora/a0136e6b_Di_Nenno_Augsburger_vs_Garcia_Barahona_M_Vibora_f2288-2304.mp4,39.546875,39,13.968749999999996,32.83333333333333
dataset/Vibora/a0136e6b_Di_Nenno_Augsburger_vs_Garcia_Barahona_M_Vibora_f2765-2777.mp4,17.234375,41.166666666666664,18.28125,37.666666666666664
dataset/Vibora/a0136e6b_Di_Nenno_Augsburger_vs_Garcia_Barahona_M_Vibora_f3628-3641.mp4,65.89062499999999,38.83333333333333,16.781250000000004,43
dataset/Vibora/a0136e6b_Di_Nenno_Augsburger_vs_Garcia_Barahona_M_Vibora_f5027-5042.mp4,58.85937499999999,38.49999999999999,21.843750000000004,40.833333333333336
dataset/Vibora/a0136e6b_Di_Nenno_Augsburger_vs_Garcia_Barahona_M_Vibora_f5163-5176.mp4,61.109375,37.49999999999999,19.59375,38.333333333333336
dataset/Vibora/a0136e6b_Di_Nenno_Augsburger_vs_Garcia_Barahona_M_Vibora_f5760-5772.mp4,50.79687500000001,17,12.656249999999995,21.499999999999996
dataset/Vibora/a0136e6b_Di_Nenno_Augsburger_vs_Garcia_Barahona_M_Vibora_f6250-6265.mp4,38.70312500000001,13.000000000000007,11.71875,23.999999999999993
dataset/Vibora/a0136e6b_Di_Nenno_Augsburger_vs_Garcia_Barahona_M_Vibora_f739-753.mp4,18.078125000000007,39.49999999999999,18.84375,38.33333333333333
dataset/Vibora/a0136e6b_Di_Nenno_Augsburger_vs_Garcia_Barahona_M_Vibora_f9005-9018.mp4,55.10937499999999,41.66666666666667,17.156250000000004,35.66666666666666
dataset/Vibora/a0136e6b_Di_Nenno_Augsburger_vs_Garcia_Barahona_M_Vibora_f9367-9380.mp4,36.171875,13.999999999999996,10.593749999999998,23.833333333333332
dataset/Vibora/d4e34e3e_IMG_6557_Vibora_f7828-7843.mp4,57.078125,42.50000000000001,16.40625,39.166666666666664
dataset/Vibora/e8997432_FINAL_Premier_Padel_MILANO_P1_Coello_Tap_Vibora_f1051-1064.mp4,51.546875,43.166666666666664,13.125,29.999999999999993
dataset/Vibora/e8997432_FINAL_Premier_Padel_MILANO_P1_Coello_Tap_Vibora_f1294-1309.mp4,50.984375,46.83333333333333,15.093750000000004,27.999999999999996
dataset/Vibora/e8997432_FINAL_Premier_Padel_MILANO_P1_Coello_Tap_Vibora_f1784-1797.mp4,53.60937499999999,44.666666666666664,14.718750000000009,30.999999999999993
dataset/Vibora/e8997432_FINAL_Premier_Padel_MILANO_P1_Coello_Tap_Vibora_f25968-25982.mp4,34.203125,21.333333333333332,10.3125,18.333333333333332
dataset/Vibora/e8997432_FINAL_Premier_Padel_MILANO_P1_Coello_Tap_Vibora_f260-274.mp4,61.390625,40.5,16.687499999999993,27
dataset/Vibora/e8997432_FINAL_Premier_Padel_MILANO_P1_Coello_Tap_Vibora_f482-500.mp4,61.109375,43.83333333333333,10.874999999999996,26.500000000000007
dataset/Vibora/e8997432_FINAL_Premier_Padel_MILANO_P1_Coello_Tap_Vibora_f653-669.mp4,54.26562500000001,44.666666666666664,11.437499999999995,36.16666666666667
dataset/Vibora/e8997432_FINAL_Premier_Padel_MILANO_P1_Coello_Tap_Vibora_f730-746.mp4,62.703125,42.5,9.937499999999998,29.166666666666668
dataset/Vibora/e8997432_FINAL_Premier_Padel_MILANO_P1_Coello_Tap_Vibora_f976-995.mp4,43.859375,44.33333333333333,12.843750000000002,31.33333333333333
